	TimeBetweenMaxima	StartTime	EndTime	StartTimeR	EndTimeR	0.9835	0.0006	10000	1	
			1	0.5	1.5					
1	6	0	1	0.5	1.5					
2	5.901	6	7	6.5	7.5					
3	5.8036335	11.901	12.901	12.401	13.401					
4	5.70787354725	17.7046335	18.7046335	18.2046335	19.2046335					
5	5.61369363372038	23.41250704725	24.41250704725	23.91250704725	24.91250704725					
6	5.52106768876399	29.0262006809704	30.0262006809704	29.5262006809704	30.5262006809704					
7	5.42997007189938	34.5472683697344	35.5472683697344	35.0472683697344	36.0472683697344					
8	5.34037556571304	39.9772384416338	40.9772384416338	40.4772384416338	41.4772384416338					
9	5.25225936887877	45.3176140073468	46.3176140073468	45.8176140073468	46.8176140073468					
10	5.16559708929227	50.5698733762256	51.5698733762256	51.0698733762256	52.0698733762256					
11	5.08036473731895	55.7354704655179	56.7354704655179	56.2354704655179	57.2354704655179					
12	4.99653871915319	60.8158352028369	61.8158352028369	61.3158352028369	62.3158352028369					
13	4.91409583028716	65.8123739219901	66.8123739219901	66.3123739219901	67.3123739219901					
14	4.83301324908742	70.7264697522773	71.7264697522773	71.2264697522773	72.2264697522773					
15	4.75326853047748	75.5594830013647	76.5594830013647	76.0594830013647	77.0594830013647					
16	4.6748395997246	80.3127515318422	81.3127515318422	80.8127515318422	81.8127515318422					
17	4.59770474632914	84.9875911315668	85.9875911315668	85.4875911315668	86.4875911315668					
18	4.52184261801471	89.5852958778959	90.5852958778959	90.0852958778959	91.0852958778959					
19	4.44723221481747	94.1071384959106	95.1071384959106	94.6071384959106	95.6071384959106					
20	4.37385288327298	98.5543707107281	99.5543707107281	99.0543707107281	100.054370710728					
21	4.30168431069898	102.928223594001	103.928223594001	103.428223594001	104.428223594001					
22	4.23070651957245	107.2299079047	108.2299079047	107.7299079047	108.7299079047					
23	4.1608998619995	111.460614424272	112.460614424272	111.960614424272	112.960614424272					
24	4.09224501427651	115.621514286272	116.621514286272	116.121514286272	117.121514286272					
25	4.02472297154095	119.713759300549	120.713759300549	120.213759300549	121.213759300549					
26	3.95831504251052	123.73848227209	124.73848227209	124.23848227209	125.23848227209					
27	3.8930028443091	127.696797314601	128.696797314601	128.196797314601	129.196797314601					
28	3.828768297378	131.58980015891	132.58980015891	132.08980015891	133.08980015891					
29	3.76559362047126	135.418568456288	136.418568456288	135.918568456288	136.918568456288					
30	3.70346132573348	139.184162076759	140.184162076759	139.684162076759	140.684162076759					
31	3.64235421385888	142.887623402492	143.887623402492	143.387623402492	144.387623402492					
32	3.58225536933021	146.529977616351	147.529977616351	147.029977616351	148.029977616351					
33	3.52314815573626	150.112232985681	151.112232985681	150.612232985681	151.612232985681					
34	3.46501621116661	153.635381141417	154.635381141417	154.135381141417	155.135381141417					
35	3.40784344368236	157.100397352584	158.100397352584	157.600397352584	158.600397352584					
36	3.3516140268616	160.508240796266	161.508240796266	161.008240796266	162.008240796266					
37	3.29631239541838	163.859854823128	164.859854823128	164.359854823128	165.359854823128					
38	3.24192324089398	167.156167218546	168.156167218546	167.656167218546	168.656167218546					
39	3.18843150741923	170.39809045944	171.39809045944	170.89809045944	171.89809045944					
40	3.13582238754681	173.586521966859	174.586521966859	174.086521966859	175.086521966859					
41	3.08408131815229	176.722344354406	177.722344354406	177.222344354406	178.222344354406					
42	3.03319397640278	179.806425672558	180.806425672558	180.306425672558	181.306425672558					
43	2.98314627579213	182.839619648961	183.839619648961	183.339619648961	184.339619648961					
44	2.93392436224156	185.822765924753	186.822765924753	186.322765924753	187.322765924753					
45	2.88551461026457	188.756690286995	189.756690286995	189.256690286995	190.256690286995					
46	2.8379036191952	191.64220489726	192.64220489726	192.14220489726	193.14220489726					
47	2.79107820947848	194.480108516455	195.480108516455	194.980108516455	195.980108516455					
48	2.74502541902209	197.271186725933	198.271186725933	197.771186725933	198.771186725933					
49	2.69973249960823	200.016212144955	201.016212144955	200.516212144955	201.516212144955					
50	2.65518691336469	202.715944644563	203.715944644563	203.215944644563	204.215944644563					
51	2.61137632929417	205.371131557928	206.371131557928	205.871131557928	206.871131557928					
52	2.56828861986082	207.982507887222	208.982507887222	208.482507887222	209.482507887222					
53	2.52591185763312	210.550796507083	211.550796507083	211.050796507083	212.050796507083					
54	2.48423431198217	213.076708364716	214.076708364716	213.576708364716	214.576708364716					
55	2.44324444583446	215.560942676698	216.560942676698	216.060942676698	217.060942676698					
56	2.40293091247819	218.004187122532	219.004187122532	218.504187122532	219.504187122532					
57	2.3632825524223	220.40711803501	221.40711803501	220.90711803501	221.90711803501					
58	2.32428839030733	222.770400587432	223.770400587432	223.270400587432	224.270400587432					
59	2.28593763186726	225.094688977739	226.094688977739	225.594688977739	226.594688977739					
60	2.24821966094145	227.380626609606	228.380626609606	227.880626609606	228.880626609606					
61	2.21112403653592	229.628846270547	230.628846270547	230.128846270547	231.128846270547					
62	2.17464048993308	231.839970307083	232.839970307083	232.339970307083	233.339970307083					
63	2.13875892184918	234.014610797016	235.014610797016	234.514610797016	235.514610797016					
64	2.10346939963867	236.153369718865	237.153369718865	236.653369718865	237.653369718865					
65	2.06876215454463	238.256839118504	239.256839118504	238.756839118504	239.756839118504					
66	2.03462757899464	240.325601273049	241.325601273049	240.825601273049	241.825601273049					
67	2.00105622394123	242.360228852044	243.360228852044	242.860228852044	243.860228852044					
68	1.9680387962462	244.361285075985	245.361285075985	244.861285075985	245.861285075985					
69	1.93556615610814	246.329323872231	247.329323872231	246.829323872231	247.829323872231					
70	1.90362931453236	248.264890028339	249.264890028339	248.764890028339	249.764890028339					
71	1.87221943084258	250.168519342871	251.168519342871	250.668519342871	251.668519342871					
72	1.84132781023368	252.040738773714	253.040738773714	252.540738773714	253.540738773714					
73	1.81094590136482	253.882066583948	254.882066583948	254.382066583948	255.382066583948					
74	1.7810652939923	255.693012485313	256.693012485313	256.193012485313	257.193012485313					
75	1.75167771664143	257.474077779305	258.474077779305	257.974077779305	258.974077779305					
76	1.72277503431685	259.225755495946	260.225755495946	259.725755495946	260.725755495946					
77	1.69434924625062	260.948530530263	261.948530530263	261.448530530263	262.448530530263					
78	1.66639248368748	262.642879776514	263.642879776514	263.142879776514	264.142879776514					
79	1.63889700770664	264.309272260201	265.309272260201	264.809272260201	265.809272260201					
80	1.61185520707948	265.948169267908	266.948169267908	266.448169267908	267.448169267908					
81	1.58525959616267	267.560024474987	268.560024474987	268.060024474987	269.060024474987					
82	1.55910281282599	269.14528407115	270.14528407115	269.64528407115	270.64528407115					
83	1.53337761641436	270.704386883976	271.704386883976	271.204386883976	272.204386883976					
84	1.50807688574352	272.23776450039	273.23776450039	272.73776450039	273.73776450039					
	1.5	273.745841386134	274.745841386134	274.245841386134	275.245841386134					
	1.5	275.245841386134	276.245841386134	275.745841386134	276.745841386134					
	1.5	276.745841386134	277.745841386134	277.245841386134	278.245841386134					
	1.5	278.245841386134	279.245841386134	278.745841386134	279.745841386134					
	1.5	279.745841386134	280.745841386134	280.245841386134	281.245841386134					
	1.5	281.245841386134	282.245841386134	281.745841386134	282.745841386134					
	1.5	282.745841386134	283.745841386134	283.245841386134	284.245841386134					
	1.5	284.245841386134	285.245841386134	284.745841386134	285.745841386134					
	1.5	285.745841386134	286.745841386134	286.245841386134	287.245841386134					
	1.5	287.245841386134	288.245841386134	287.745841386134	288.745841386134					
	1.5	288.745841386134	289.745841386134	289.245841386134	290.245841386134					
	1.5	290.245841386134	291.245841386134	290.745841386134	291.745841386134					
	1.5	291.745841386134	292.745841386134	292.245841386134	293.245841386134					
	1.5	293.245841386134	294.245841386134	293.745841386134	294.745841386134					
	1.5	294.745841386134	295.745841386134	295.245841386134	296.245841386134					
	1.5	296.245841386134	297.245841386134	296.745841386134	297.745841386134					
	1.5	297.745841386134	298.745841386134	298.245841386134	299.245841386134					
	1.5	299.245841386134	300.245841386134	299.745841386134	300.745841386134					
	1.5	300.745841386134	301.745841386134	301.245841386134	302.245841386134					
	1.5	302.245841386134	303.245841386134	302.745841386134	303.745841386134					
	1.5	303.745841386134	304.745841386134	304.245841386134	305.245841386134					
	1.5	305.245841386134	306.245841386134	305.745841386134	306.745841386134					
	1.5	306.745841386134	307.745841386134	307.245841386134	308.245841386134					
	1.5	308.245841386134	309.245841386134	308.745841386134	309.745841386134					
	1.5	309.745841386134	310.745841386134	310.245841386134	311.245841386134					
	1.5	311.245841386134	312.245841386134	311.745841386134	312.745841386134					
	1.5	312.745841386134	313.745841386134	313.245841386134	314.245841386134					
	1.5	314.245841386134	315.245841386134	314.745841386134	315.745841386134					
	1.5	315.745841386134	316.745841386134	316.245841386134	317.245841386134					
	1.5	317.245841386134	318.245841386134	317.745841386134	318.745841386134					
	1.5	318.745841386134	319.745841386134	319.245841386134	320.245841386134					
	1.5	320.245841386134	321.245841386134	320.745841386134	321.745841386134					
	1.5	321.745841386134	322.745841386134	322.245841386134	323.245841386134					
	1.5	323.245841386134	324.245841386134	323.745841386134	324.745841386134					
	1.5	324.745841386134	325.745841386134	325.245841386134	326.245841386134					
	1.5	326.245841386134	327.245841386134	326.745841386134	327.745841386134					
	1.5	327.745841386134	328.745841386134	328.245841386134	329.245841386134					
	1.5	329.245841386134	330.245841386134	329.745841386134	330.745841386134					
	1.5	330.745841386134	331.745841386134	331.245841386134	332.245841386134					
	1.5	332.245841386134	333.245841386134	332.745841386134	333.745841386134					
	1.5	333.745841386134	334.745841386134	334.245841386134	335.245841386134					
	1.5	335.245841386134	336.245841386134	335.745841386134	336.745841386134					
	1.5	336.745841386134	337.745841386134	337.245841386134	338.245841386134					
	1.5	338.245841386134	339.245841386134	338.745841386134	339.745841386134					
	1.5	339.745841386134	340.745841386134	340.245841386134	341.245841386134					
	1.5	341.245841386134	342.245841386134	341.745841386134	342.745841386134					
	1.5	342.745841386134	343.745841386134	343.245841386134	344.245841386134					
	1.5	344.245841386134	345.245841386134	344.745841386134	345.745841386134					
	1.5	345.745841386134	346.745841386134	346.245841386134	347.245841386134					
	1.5	347.245841386134	348.245841386134	347.745841386134	348.745841386134					
	1.5	348.745841386134	349.745841386134	349.245841386134	350.245841386134					
	1.5	350.245841386134	351.245841386134	350.745841386134	351.745841386134					
	1.5	351.745841386134	352.745841386134	352.245841386134	353.245841386134					
	1.5	353.245841386134	354.245841386134	353.745841386134	354.745841386134					
	1.5	354.745841386134	355.745841386134	355.245841386134	356.245841386134					
	1.5	356.245841386134	357.245841386134	356.745841386134	357.745841386134					
	1.5	357.745841386134	358.745841386134	358.245841386134	359.245841386134					
85	1.47525	359.245841386134	360.245841386134	359.745841386134	360.745841386134					
86	1.450908375	360.721091386134	361.721091386134	361.221091386134	362.221091386134					
87	1.4269683868125	362.171999761134	363.171999761134	362.671999761134	363.671999761134					
88	1.40342340843009	363.598968147947	364.598968147947	364.098968147947	365.098968147947					
89	1.38026692219099	365.002391556377	366.002391556377	365.502391556377	366.502391556377					
90	1.35749251797484	366.382658478568	367.382658478568	366.882658478568	367.882658478568					
91	1.33509389142826	367.740150996543	368.740150996543	368.240150996543	369.240150996543					
92	1.31306484221969	369.075244887971	370.075244887971	369.575244887971	370.575244887971					
93	1.29139927232307	370.388309730191	371.388309730191	370.888309730191	371.888309730191					
94	1.27009118432974	371.679709002514	372.679709002514	372.179709002514	373.179709002514					
95	1.2491346797883	372.949800186844	373.949800186844	373.449800186844	374.449800186844					
96	1.22852395757179	374.198934866632	375.198934866632	374.698934866632	375.698934866632					
97	1.20825331227186	375.427458824204	376.427458824204	375.927458824204	376.927458824204					
98	1.18831713261937	376.635712136476	377.635712136476	377.135712136476	378.135712136476					
99	1.16870989993115	377.824029269095	378.824029269095	378.324029269095	379.324029269095					
100	1.14942618658229	378.992739169026	379.992739169026	379.492739169026	380.492739169026					
101	1.13046065450368	380.142165355608	381.142165355608	380.642165355608	381.642165355608					
102	1.11180805370437	381.272626010112	382.272626010112	381.772626010112	382.772626010112					
103	1.09346322081825	382.384434063816	383.384434063816	382.884434063816	383.884434063816					
104	1.07542107767475	383.477897284634	384.477897284634	383.977897284634	384.977897284634					
105	1.05767662989312	384.553318362309	385.553318362309	385.053318362309	386.053318362309					
106	1.04022496549988	385.610994992202	386.610994992202	386.110994992202	387.110994992202					
107	1.02306125356913	386.651219957702	387.651219957702	387.151219957702	388.151219957702					
108	1.00618074288524	387.674281211271	388.674281211271	388.174281211271	389.174281211271					
	1	388.680461954156	389.680461954156	389.180461954156	390.180461954156					
	1	389.680461954156	390.680461954156	390.180461954156	391.180461954156					
	1	390.680461954156	391.680461954156	391.180461954156	392.180461954156					
	1	391.680461954156	392.680461954156	392.180461954156	393.180461954156					
	1	392.680461954156	393.680461954156	393.180461954156	394.180461954156					
	1	393.680461954156	394.680461954156	394.180461954156	395.180461954156					
	1	394.680461954156	395.680461954156	395.180461954156	396.180461954156					
	1	395.680461954156	396.680461954156	396.180461954156	397.180461954156					
	1	396.680461954156	397.680461954156	397.180461954156	398.180461954156					
	1	397.680461954156	398.680461954156	398.180461954156	399.180461954156					
	1	398.680461954156	399.680461954156	399.180461954156	400.180461954156					
	1	399.680461954156	400.680461954156	400.180461954156	401.180461954156					
	1	400.680461954156	401.680461954156	401.180461954156	402.180461954156					
	1	401.680461954156	402.680461954156	402.180461954156	403.180461954156					
	1	402.680461954156	403.680461954156	403.180461954156	404.180461954156					
	1	403.680461954156	404.680461954156	404.180461954156	405.180461954156					
	1	404.680461954156	405.680461954156	405.180461954156	406.180461954156					
	1	405.680461954156	406.680461954156	406.180461954156	407.180461954156					
	1	406.680461954156	407.680461954156	407.180461954156	408.180461954156					
	1	407.680461954156	408.680461954156	408.180461954156	409.180461954156					
	1	408.680461954156	409.680461954156	409.180461954156	410.180461954156					
	1	409.680461954156	410.680461954156	410.180461954156	411.180461954156					
	1	410.680461954156	411.680461954156	411.180461954156	412.180461954156					
	1	411.680461954156	412.680461954156	412.180461954156	413.180461954156					
	1	412.680461954156	413.680461954156	413.180461954156	414.180461954156					
	1	413.680461954156	414.680461954156	414.180461954156	415.180461954156					
	1	414.680461954156	415.680461954156	415.180461954156	416.180461954156					
	1	415.680461954156	416.680461954156	416.180461954156	417.180461954156					
	1	416.680461954156	417.680461954156	417.180461954156	418.180461954156					
	1	417.680461954156	418.680461954156	418.180461954156	419.180461954156					
	1	418.680461954156	419.680461954156	419.180461954156	420.180461954156					
	1	419.680461954156	420.680461954156	420.180461954156	421.180461954156					
	1	420.680461954156	421.680461954156	421.180461954156	422.180461954156					
	1	421.680461954156	422.680461954156	422.180461954156	423.180461954156					
	1	422.680461954156	423.680461954156	423.180461954156	424.180461954156					
	1	423.680461954156	424.680461954156	424.180461954156	425.180461954156					
	1	424.680461954156	425.680461954156	425.180461954156	426.180461954156					
	1	425.680461954156	426.680461954156	426.180461954156	427.180461954156					
	1	426.680461954156	427.680461954156	427.180461954156	428.180461954156					
	1	427.680461954156	428.680461954156	428.180461954156	429.180461954156					
	1	428.680461954156	429.680461954156	429.180461954156	430.180461954156					
	1	429.680461954156	430.680461954156	430.180461954156	431.180461954156					
	1	430.680461954156	431.680461954156	431.180461954156	432.180461954156					
	1	431.680461954156	432.680461954156	432.180461954156	433.180461954156					
	1	432.680461954156	433.680461954156	433.180461954156	434.180461954156					
	1	433.680461954156	434.680461954156	434.180461954156	435.180461954156					
	1	434.680461954156	435.680461954156	435.180461954156	436.180461954156					
	1	435.680461954156	436.680461954156	436.180461954156	437.180461954156					
	1	436.680461954156	437.680461954156	437.180461954156	438.180461954156					
	1	437.680461954156	438.680461954156	438.180461954156	439.180461954156					
	1	438.680461954156	439.680461954156	439.180461954156	440.180461954156					
	1	439.680461954156	440.680461954156	440.180461954156	441.180461954156					
	1	440.680461954156	441.680461954156	441.180461954156	442.180461954156					
	1	441.680461954156	442.680461954156	442.180461954156	443.180461954156					
	1	442.680461954156	443.680461954156	443.180461954156	444.180461954156					
	1	443.680461954156	444.680461954156	444.180461954156	445.180461954156					
	1	444.680461954156	445.680461954156	445.180461954156	446.180461954156					
	1	445.680461954156	446.680461954156	446.180461954156	447.180461954156					
	1	446.680461954156	447.680461954156	447.180461954156	448.180461954156					
	1	447.680461954156	448.680461954156	448.180461954156	449.180461954156					
	1	448.680461954156	449.680461954156	449.180461954156	450.180461954156					
	1	449.680461954156	450.680461954156	450.180461954156	451.180461954156					
	1	450.680461954156	451.680461954156	451.180461954156	452.180461954156					
	1	451.680461954156	452.680461954156	452.180461954156	453.180461954156					
	1	452.680461954156	453.680461954156	453.180461954156	454.180461954156					
	1	453.680461954156	454.680461954156	454.180461954156	455.180461954156					
	1	454.680461954156	455.680461954156	455.180461954156	456.180461954156					
	1	455.680461954156	456.680461954156	456.180461954156	457.180461954156					
	1	456.680461954156	457.680461954156	457.180461954156	458.180461954156					
	1	457.680461954156	458.680461954156	458.180461954156	459.180461954156					
	1	458.680461954156	459.680461954156	459.180461954156	460.180461954156					
	1	459.680461954156	460.680461954156	460.180461954156	461.180461954156					
	1	460.680461954156	461.680461954156	461.180461954156	462.180461954156					
	1	461.680461954156	462.680461954156	462.180461954156	463.180461954156					
	1	462.680461954156	463.680461954156	463.180461954156	464.180461954156					
	1	463.680461954156	464.680461954156	464.180461954156	465.180461954156					
	1	464.680461954156	465.680461954156	465.180461954156	466.180461954156					
	1	465.680461954156	466.680461954156	466.180461954156	467.180461954156					
	1	466.680461954156	467.680461954156	467.180461954156	468.180461954156					
	1	467.680461954156	468.680461954156	468.180461954156	469.180461954156					
	1	468.680461954156	469.680461954156	469.180461954156	470.180461954156					
	1	469.680461954156	470.680461954156	470.180461954156	471.180461954156					
	1	470.680461954156	471.680461954156	471.180461954156	472.180461954156					
	1	471.680461954156	472.680461954156	472.180461954156	473.180461954156					
	1	472.680461954156	473.680461954156	473.180461954156	474.180461954156					
	1	473.680461954156	474.680461954156	474.180461954156	475.180461954156					
	1	474.680461954156	475.680461954156	475.180461954156	476.180461954156					
	1	475.680461954156	476.680461954156	476.180461954156	477.180461954156					
	1	476.680461954156	477.680461954156	477.180461954156	478.180461954156					
	1	477.680461954156	478.680461954156	478.180461954156	479.180461954156					
	1	478.680461954156	479.680461954156	479.180461954156	480.180461954156					
	1	479.680461954156	480.680461954156	480.180461954156	481.180461954156					
	1	480.680461954156	481.680461954156	481.180461954156	482.180461954156					
	1	481.680461954156	482.680461954156	482.180461954156	483.180461954156					
	1	482.680461954156	483.680461954156	483.180461954156	484.180461954156					
	1	483.680461954156	484.680461954156	484.180461954156	485.180461954156					
	1	484.680461954156	485.680461954156	485.180461954156	486.180461954156					
	1	485.680461954156	486.680461954156	486.180461954156	487.180461954156					
	1	486.680461954156	487.680461954156	487.180461954156	488.180461954156					
	1	487.680461954156	488.680461954156	488.180461954156	489.180461954156					
	1	488.680461954156	489.680461954156	489.180461954156	490.180461954156					
	1	489.680461954156	490.680461954156	490.180461954156	491.180461954156					
	1	490.680461954156	491.680461954156	491.180461954156	492.180461954156					
	1	491.680461954156	492.680461954156	492.180461954156	493.180461954156					
	1	492.680461954156	493.680461954156	493.180461954156	494.180461954156					
	1	493.680461954156	494.680461954156	494.180461954156	495.180461954156					
	1	494.680461954156	495.680461954156	495.180461954156	496.180461954156					
	1	495.680461954156	496.680461954156	496.180461954156	497.180461954156					
	1	496.680461954156	497.680461954156	497.180461954156	498.180461954156					
	1	497.680461954156	498.680461954156	498.180461954156	499.180461954156					
	1	498.680461954156	499.680461954156	499.180461954156	500.180461954156					
	1	499.680461954156	500.680461954156	500.180461954156	501.180461954156					
	1	500.680461954156	501.680461954156	501.180461954156	502.180461954156					
	1	501.680461954156	502.680461954156	502.180461954156	503.180461954156					
	1	502.680461954156	503.680461954156	503.180461954156	504.180461954156					
109	0.989578760627634	503.680461954156	504.680461954156	504.180461954156	505.180461954156					
110	0.973250711077278	504.670040714784	505.670040714784	505.170040714784	506.170040714784					
111	0.957192074344503	505.643291425861	506.643291425861	506.143291425861	507.143291425861					
112	0.941398405117819	506.600483500206	507.600483500206	507.100483500206	508.100483500206					
113	0.925865331433375	507.541881905324	508.541881905324	508.041881905324	509.041881905324					
114	0.910588553464724	508.467747236757	509.467747236757	508.967747236757	509.967747236757					
115	0.895563842332556	509.378335790222	510.378335790222	509.878335790222	510.878335790222					
116	0.880787038934069	510.273899632555	511.273899632555	510.773899632555	511.773899632555					
117	0.866254052791657	511.154686671489	512.154686671489	511.654686671489	512.654686671489					
118	0.851960860920595	512.020940724281	513.020940724281	512.520940724281	513.520940724281					
119	0.837903506715405	512.872901585202	513.872901585202	513.372901585202	514.372901585202					
120	0.824078098854601	513.710805091917	514.710805091917	514.210805091917	515.210805091917					
121	0.8104808102235	514.534883190772	515.534883190772	515.034883190772	516.034883190772					
122	0.797107876854812	515.345364000996	516.345364000996	515.845364000996	516.845364000996					
123	0.783955596886708	516.142471877851	517.142471877851	516.642471877851	517.642471877851					
124	0.771020329538077	516.926427474738	517.926427474738	517.426427474738	518.426427474738					
125	0.758298494100699	517.697447804276	518.697447804276	518.197447804276	519.197447804276					
126	0.745786568948037	518.455746298377	519.455746298377	518.955746298377	519.955746298377					
127	0.733481090560394	519.201532867325	520.201532867325	519.701532867325	520.701532867325					
128	0.721378652566147	519.935013957885	520.935013957885	520.435013957885	521.435013957885					
129	0.709475904798806	520.656392610451	521.656392610451	521.156392610451	522.156392610451					
130	0.697769552369626	521.36586851525	522.36586851525	521.86586851525	522.86586851525					
131	0.686256354755527	522.06363806762	523.06363806762	522.56363806762	523.56363806762					
132	0.674933124902061	522.749894422376	523.749894422376	523.249894422376	524.249894422376					
133	0.663796728341177	523.424827547278	524.424827547278	523.924827547278	524.924827547278					
134	0.652844082323548	524.088624275619	525.088624275619	524.588624275619	525.588624275619					
135	0.642072154965209	524.741468357943	525.741468357943	525.241468357943	526.241468357943					
136	0.631477964408283	525.383540512908	526.383540512908	525.883540512908	526.883540512908					
137	0.621058577995546	526.015018477316	527.015018477316	526.515018477316	527.515018477316					
138	0.610811111458619	526.636077055312	527.636077055312	527.136077055312	528.136077055312					
139	0.600732728119552	527.246888166771	528.246888166771	527.746888166771	528.746888166771					
140	0.590820638105579	527.847620894891	528.847620894891	528.347620894891	529.347620894891					
141	0.581072097576837	528.438441532997	529.438441532997	528.938441532997	529.938441532997					
142	0.571484407966819	529.019513630574	530.019513630574	529.519513630574	530.519513630574					
143	0.562054915235366	529.590998038541	530.590998038541	530.090998038541	531.090998038541					
144	0.552781009133982	530.153052953776	531.153052953776	530.653052953776	531.653052953776					
145	0.543660122483271	530.70583396291	531.70583396291	531.20583396291	532.20583396291					
146	0.534689730462297	531.249494085393	532.249494085393	531.749494085393	532.749494085393					
147	0.525867349909669	531.784183815855	532.784183815855	532.284183815855	533.284183815855					
148	0.517190538636159	532.310051165765	533.310051165765	532.810051165765	533.810051165765					
149	0.508656894748662	532.827241704401	533.827241704401	533.327241704401	534.327241704401					
150	0.500264055985309	533.33589859915	534.33589859915	533.83589859915	534.83589859915					
151	0.492009699061551	533.836162655135	534.836162655135	534.336162655135	535.336162655135					
152	0.483891539027035	534.328172354197	535.328172354197	534.828172354197	535.828172354197					
153	0.475907328633089	534.812063893224	535.812063893224	535.312063893224	536.312063893224					
154	0.468054857710643	535.287971221857	536.287971221857	535.787971221857	536.787971221857					
155	0.460331952558417	535.756026079568	536.756026079568	536.256026079568	537.256026079568					
156	0.452736475341203	536.216358032126	537.216358032126	536.716358032126	537.716358032126					
157	0.445266323498073	536.669094507467	537.669094507467	537.169094507467	538.169094507467					
158	0.437919429160355	537.114360830965	538.114360830965	537.614360830965	538.614360830965					
159	0.430693758579209	537.552280260125	538.552280260125	538.052280260125	539.052280260125					
160	0.423587311562652	537.982974018704	538.982974018704	538.482974018704	539.482974018704					
161	0.416598120921868	538.406561330267	539.406561330267	538.906561330267	539.906561330267					
162	0.409724251926657	538.823159451189	539.823159451189	539.323159451189	540.323159451189					
163	0.402963801769867	539.232883703116	540.232883703116	539.732883703116	540.732883703116					
164	0.396314899040664	539.635847504886	540.635847504886	540.135847504886	541.135847504886					
165	0.389775703206493	540.032162403927	541.032162403927	540.532162403927	541.532162403927					
166	0.383344404103586	540.421938107133	541.421938107133	540.921938107133	541.921938107133					
167	0.377019221435877	540.805282511237	541.805282511237	541.305282511237	542.305282511237					
168	0.370798404282185	541.182301732673	542.182301732673	541.682301732673	542.682301732673					
169	0.364680230611529	541.553100136955	542.553100136955	542.053100136955	543.053100136955					
170	0.358663006806439	541.917780367567	542.917780367567	542.417780367567	543.417780367567					
171	0.352745067194133	542.276443374373	543.276443374373	542.776443374373	543.776443374373					
172	0.34692477358543	542.629188441567	543.629188441567	543.129188441567	544.129188441567					
173	0.34120051482127	542.976113215152	543.976113215152	543.476113215152	544.476113215152					
174	0.335570706326719	543.317313729973	544.317313729973	543.817313729973	544.817313729973					
175	0.330033789672328	543.6528844363	544.6528844363	544.1528844363	545.1528844363					
176	0.324588232142735	543.982918225972	544.982918225972	544.482918225972	545.482918225972					
177	0.31923252631238	544.307506458115	545.307506458115	544.807506458115	545.807506458115					
178	0.313965189628226	544.626738984427	545.626738984427	545.126738984427	546.126738984427					
179	0.30878476399936	544.940704174055	545.940704174055	545.440704174055	546.440704174055					
180	0.303689815393371	545.249488938054	546.249488938054	545.749488938054	546.749488938054					
181	0.29867893343938	545.553178753447	546.553178753447	546.053178753447	547.053178753447					
182	0.29375073103763	545.851857686886	546.851857686886	546.351857686886	547.351857686886					
183	0.288903843975509	546.145608417924	547.145608417924	546.645608417924	547.645608417924					
184	0.284136930549913	546.4345122619	547.4345122619	546.9345122619	547.9345122619					
185	0.279448671195839	546.71864919245	547.71864919245	547.21864919245	548.21864919245					
186	0.274837768121108	546.998097863646	547.998097863646	547.498097863646	548.498097863646					
187	0.27030294494711	547.272935631767	548.272935631767	547.772935631767	548.772935631767					
188	0.265842946355483	547.543238576714	548.543238576714	548.043238576714	549.043238576714					
189	0.261456537740618	547.809081523069	548.809081523069	548.309081523069	549.309081523069					
190	0.257142504867898	548.07053806081	549.07053806081	548.57053806081	549.57053806081					
191	0.252899653537578	548.327680565678	549.327680565678	548.827680565678	549.827680565678					
192	0.248726809254208	548.580580219216	549.580580219216	549.080580219216	550.080580219216					
193	0.244622816901514	548.82930702847	549.82930702847	549.32930702847	550.32930702847					
194	0.240586540422639	549.073929845372	550.073929845372	549.573929845372	550.573929845372					
195	0.236616862505665	549.314516385795	550.314516385795	549.814516385795	550.814516385795					
196	0.232712684274322	549.551133248301	550.551133248301	550.051133248301	551.051133248301					
197	0.228872924983796	549.783845932575	550.783845932575	550.283845932575	551.283845932575					
198	0.225096521721563	550.012718857559	551.012718857559	550.512718857559	551.512718857559					
199	0.221382429113157	550.237815379281	551.237815379281	550.737815379281	551.737815379281					
200	0.21772961903279	550.459197808394	551.459197808394	550.959197808394	551.959197808394					
201	0.214137080318749	550.676927427427	551.676927427427	551.176927427427	552.176927427427					
202	0.21060381849349	550.891064507746	551.891064507746	551.391064507746	552.391064507746					
203	0.207128855488347	551.101668326239	552.101668326239	551.601668326239	552.601668326239					
204	0.203711229372789	551.308797181727	552.308797181727	551.808797181727	552.808797181727					
205	0.200349994088138	551.5125084111	552.5125084111	552.0125084111	553.0125084111					
206	0.197044219185684	551.712858405188	552.712858405188	552.212858405188	553.212858405188					
207	0.19379298956912	551.909902624374	552.909902624374	552.409902624374	553.409902624374					
208	0.19059540524123	552.103695613943	553.103695613943	552.603695613943	553.603695613943					
209	0.18745058105475	552.294291019184	553.294291019184	552.794291019184	553.794291019184					
210	0.184357646467347	552.481741600239	553.481741600239	552.981741600239	553.981741600239					
211	0.181315745300636	552.666099246706	553.666099246706	553.166099246706	554.166099246706					
212	0.178324035503176	552.847414992007	553.847414992007	553.347414992007	554.347414992007					
213	0.175381688917374	553.02573902751	554.02573902751	553.52573902751	554.52573902751					
214	0.172487891050237	553.201120716427	554.201120716427	553.701120716427	554.701120716427					
215	0.169641840847908	553.373608607477	554.373608607477	553.873608607477	554.873608607477					
216	0.166842750473918	553.543250448325	554.543250448325	554.043250448325	555.043250448325					
217	0.164089845091098	553.710093198799	554.710093198799	554.210093198799	555.210093198799					
218	0.161382362647095	553.87418304389	554.87418304389	554.37418304389	555.37418304389					
219	0.158719553663418	554.035565406537	555.035565406537	554.535565406537	555.535565406537					
220	0.156100681027972	554.1942849602	555.1942849602	554.6942849602	555.6942849602					
221	0.15352501979101	554.350385641228	555.350385641228	554.850385641228	555.850385641228					
222	0.150991856964458	554.503910661019	555.503910661019	555.003910661019	556.003910661019					
223	0.148500491324544	554.654902517983	555.654902517983	555.154902517983	556.154902517983					
224	0.146050233217689	554.803403009308	555.803403009308	555.303403009308	556.303403009308					
225	0.143640404369597	554.949453242526	555.949453242526	555.449453242526	556.449453242526					
226	0.141270337697499	555.093093646896	556.093093646896	555.593093646896	556.593093646896					
227	0.13893937712549	555.234363984593	556.234363984593	555.734363984593	556.734363984593					
228	0.136646877402919	555.373303361718	556.373303361718	555.873303361718	556.873303361718					
229	0.134392203925771	555.509950239121	556.509950239121	556.009950239121	557.009950239121					
230	0.132174732560996	555.644342443047	556.644342443047	556.144342443047	557.144342443047					
231	0.12999384947374	555.776517175608	556.776517175608	556.276517175608	557.276517175608					
232	0.127848950957423	555.906511025082	556.906511025082	556.406511025082	557.406511025082					
233	0.125739443266626	556.034359976039	557.034359976039	556.534359976039	557.534359976039					
234	0.123664742452727	556.160099419306	557.160099419306	556.660099419306	557.660099419306					
235	0.121624274202257	556.283764161759	557.283764161759	556.783764161759	557.783764161759					
236	0.11961747367792	556.405388435961	557.405388435961	556.905388435961	557.905388435961					
237	0.117643785362234	556.525005909639	557.525005909639	557.025005909639	558.025005909639					
238	0.115702662903757	556.642649695001	557.642649695001	557.142649695001	558.142649695001					
239	0.113793568965845	556.758352357905	557.758352357905	557.258352357905	558.258352357905					
240	0.111915975077909	556.872145926871	557.872145926871	557.372145926871	558.372145926871					
241	0.110069361489124	556.984061901949	557.984061901949	557.484061901949	558.484061901949					
242	0.108253217024553	557.094131263438	558.094131263438	557.594131263438	558.594131263438					
243	0.106467038943648	557.202384480463	558.202384480463	557.702384480463	558.702384480463					
244	0.104710332801078	557.308851519407	558.308851519407	557.808851519407	558.808851519407					
245	0.10298261230986	557.413561852208	558.413561852208	557.913561852208	558.913561852208					
246	0.101283399206747	557.516544464518	558.516544464518	558.016544464518	559.016544464518					
247	0.0996122231198357	557.617827863725	558.617827863725	558.117827863725	559.117827863725					
248	0.0979686214383584	557.717440086845	558.717440086845	558.217440086845	559.217440086845					
249	0.0963521391846255	557.815408708283	558.815408708283	558.315408708283	559.315408708283					
250	0.0947623288880792	557.911760847468	558.911760847468	558.411760847468	559.411760847468					
251	0.0931987504614259	558.006523176356	559.006523176356	558.506523176356	559.506523176356					
252	0.0916609710788124	558.099721926817	559.099721926817	558.599721926817	559.599721926817					
253	0.090148565056012	558.191382897896	559.191382897896	558.691382897896	559.691382897896					
254	0.0886611137325878	558.281531462952	559.281531462952	558.781531462952	559.781531462952					
255	0.0871982053560001	558.370192576685	559.370192576685	558.870192576685	559.870192576685					
256	0.0857594349676261	558.457390782041	559.457390782041	558.957390782041	559.957390782041					
257	0.0843444042906603	558.543150217009	559.543150217009	559.043150217009	560.043150217009					
258	0.0829527216198644	558.6274946213	559.6274946213	559.1274946213	560.1274946213					
259	0.0815840017131366	558.71044734292	559.71044734292	559.21044734292	560.21044734292					
260	0.0802378656848698	558.792031344633	559.792031344633	559.292031344633	560.292031344633					
261	0.0789139409010694	558.872269210318	559.872269210318	559.372269210318	560.372269210318					
262	0.0776118608762018	558.951183151219	559.951183151219	559.451183151219	560.451183151219					
263	0.0763312651717445	559.028795012095	560.028795012095	559.528795012095	560.528795012095					
264	0.0750717992964107	559.105126277267	560.105126277267	559.605126277267	560.605126277267					
265	0.0738331146080199	559.180198076563	560.180198076563	559.680198076563	560.680198076563					
266	0.0726148682169876	559.254031191171	560.254031191171	559.754031191171	560.754031191171					
267	0.0714167228914073	559.326646059388	560.326646059388	559.826646059388	560.826646059388					
268	0.0702383469636991	559.398062782279	560.398062782279	559.898062782279	560.898062782279					
269	0.0690794142387981	559.468301129243	560.468301129243	559.968301129243	560.968301129243					
270	0.0679396039038579	559.537380543482	560.537380543482	560.037380543482	561.037380543482					
271	0.0668186004394442	559.605320147386	560.605320147386	560.105320147386	561.105320147386					
272	0.0657160935321934	559.672138747825	560.672138747825	560.172138747825	561.172138747825					
273	0.0646317779889122	559.737854841357	560.737854841357	560.237854841357	561.237854841357					
274	0.0635653536520951	559.802486619346	560.802486619346	560.302486619346	561.302486619346					
275	0.0625165253168355	559.866051972998	560.866051972998	560.366051972998	561.366051972998					
276	0.0614850026491077	559.928568498315	560.928568498315	560.428568498315	561.428568498315					
277	0.0604705001053974	559.990053500964	560.990053500964	560.490053500964	561.490053500964					
278	0.0594727368536583	560.050524001069	561.050524001069	560.550524001069	561.550524001069					
279	0.0584914366955729	560.109996737923	561.109996737923	560.609996737923	561.609996737923					
280	0.0575263279900959	560.168488174619	561.168488174619	560.668488174619	561.668488174619					
281	0.0565771435782593	560.226014502609	561.226014502609	560.726014502609	561.726014502609					
282	0.055643620709218	560.282591646187	561.282591646187	560.782591646187	561.782591646187					
283	0.0547255009675159	560.338235266896	561.338235266896	560.838235266896	561.838235266896					
284	0.0538225302015519	560.392960767864	561.392960767864	560.892960767864	561.892960767864					
285	0.0529344584532263	560.446783298066	561.446783298066	560.946783298066	561.946783298066					
286	0.0520610398887481	560.499717756519	561.499717756519	560.999717756519	561.999717756519					
287	0.0512020327305838	560.551778796408	561.551778796408	561.051778796408	562.051778796408					
288	0.0503571991905292	560.602980829139	561.602980829139	561.102980829139	562.102980829139					
289	0.0495263054038855	560.65333802833	561.65333802833	561.15333802833	562.15333802833					
290	0.0487091213647214	560.702864333734	561.702864333734	561.202864333734	562.202864333734					
291	0.0479054208622035	560.751573455099	561.751573455099	561.251573455099	562.251573455099					
292	0.0471149814179771	560.799478875961	561.799478875961	561.299478875961	562.299478875961					
293	0.0463375842245805	560.846593857379	561.846593857379	561.346593857379	562.346593857379					
294	0.0455730140848749	560.892931441604	561.892931441604	561.392931441604	562.392931441604					
295	0.0448210593524745	560.938504455689	561.938504455689	561.438504455689	562.438504455689					
296	0.0440815118731587	560.983325515041	561.983325515041	561.483325515041	562.483325515041					
297	0.0433541669272516	561.027407026914	562.027407026914	561.527407026914	562.527407026914					
298	0.0426388231729519	561.070761193841	562.070761193841	561.570761193841	562.570761193841					
299	0.0419352825905982	561.113400017014	562.113400017014	561.613400017014	562.613400017014					
300	0.0412433504278533	561.155335299605	562.155335299605	561.655335299605	562.655335299605					
301	0.0405628351457937	561.196578650033	562.196578650033	561.696578650033	562.696578650033					
302	0.0398935483658881	561.237141485179	562.237141485179	561.737141485179	562.737141485179					
303	0.0392353048178509	561.277035033545	562.277035033545	561.777035033545	562.777035033545					
304	0.0385879222883564	561.316270338363	562.316270338363	561.816270338363	562.816270338363					
305	0.0379512215705985	561.354858260651	562.354858260651	561.854858260651	562.854858260651					
306	0.0373250264146836	561.392809482222	562.392809482222	561.892809482222	562.892809482222					
307	0.0367091634788413	561.430134508637	562.430134508637	561.930134508637	562.930134508637					
308	0.0361034622814404	561.466843672116	562.466843672116	561.966843672116	562.966843672116					
309	0.0355077551537966	561.502947134397	562.502947134397	562.002947134397	563.002947134397					
310	0.034921877193759	561.538454889551	562.538454889551	562.038454889551	563.038454889551					
311	0.034345666220062	561.573376766745	562.573376766745	562.073376766745	563.073376766745					
312	0.033778962727431	561.607722432965	562.607722432965	562.107722432965	563.107722432965					
313	0.0332216098424284	561.641501395692	562.641501395692	562.141501395692	563.141501395692					
314	0.0326734532800283	561.674723005534	562.674723005534	562.174723005534	563.174723005534					
315	0.0321343413009078	561.707396458814	562.707396458814	562.207396458814	563.207396458814					
316	0.0316041246694428	561.739530800115	562.739530800115	562.239530800115	563.239530800115					
317	0.031082656612397	561.771134924784	562.771134924784	562.271134924784	563.271134924784					
318	0.0305697927782924	561.802217581396	562.802217581396	562.302217581396	563.302217581396					
319	0.0300653911974506	561.832787374174	562.832787374174	562.332787374174	563.332787374174					
320	0.0295693122426927	561.862852765371	562.862852765371	562.362852765371	563.362852765371					
321	0.0290814185906883	561.892422077614	562.892422077614	562.392422077614	563.392422077614					
322	0.0286015751839419	561.921503496205	562.921503496205	562.421503496205	563.421503496205					
323	0.0281296491934069	561.950105071389	562.950105071389	562.450105071389	563.450105071389					
324	0.0276655099817157	561.978234720582	562.978234720582	562.478234720582	563.478234720582					
325	0.0272090290670174	562.005900230564	563.005900230564	562.505900230564	563.505900230564					
326	0.0267600800874116	562.033109259631	563.033109259631	562.533109259631	563.533109259631					
327	0.0263185387659693	562.059869339718	563.059869339718	562.559869339718	563.559869339718					
328	0.0258842828763308	562.086187878484	563.086187878484	562.586187878484	563.586187878484					
329	0.0254571922088713	562.11207216136	563.11207216136	562.61207216136	563.61207216136					
330	0.0250371485374249	562.137529353569	563.137529353569	562.637529353569	563.637529353569					
331	0.0246240355865574	562.162566502106	563.162566502106	562.662566502106	563.662566502106					
332	0.0242177389993792	562.187190537693	563.187190537693	562.687190537693	563.687190537693					
333	0.0238181463058894	562.211408276692	563.211408276692	562.711408276692	563.711408276692					
334	0.0234251468918422	562.235226422998	563.235226422998	562.735226422998	563.735226422998					
335	0.0230386319681268	562.25865156989	563.25865156989	562.75865156989	563.75865156989					
336	0.0226584945406527	562.281690201858	563.281690201858	562.781690201858	563.781690201858					
337	0.0222846293807319	562.304348696399	563.304348696399	562.804348696399	563.804348696399					
338	0.0219169329959498	562.32663332578	563.32663332578	562.82663332578	563.82663332578					
339	0.0215553036015166	562.348550258776	563.348550258776	562.848550258776	563.848550258776					
340	0.0211996410920916	562.370105562378	563.370105562378	562.870105562378	563.870105562378					
341	0.0208498470140721	562.39130520347	563.39130520347	562.89130520347	563.89130520347					
342	0.0205058245383399	562.412155050484	563.412155050484	562.912155050484	563.912155050484					
343	0.0201674784334573	562.432660875022	563.432660875022	562.932660875022	563.932660875022					
344	0.0198347150393053	562.452828353455	563.452828353455	562.952828353455	563.952828353455					
345	0.0195074422411568	562.472663068494	563.472663068494	562.972663068494	563.972663068494					
346	0.0191855694441777	562.492170510735	563.492170510735	562.992170510735	563.992170510735					
347	0.0188690075483488	562.511356080179	563.511356080179	563.011356080179	564.011356080179					
348	0.018557668923801	562.530225087727	563.530225087727	563.030225087727	564.030225087727					
349	0.0182514673865583	562.548782756651	563.548782756651	563.048782756651	564.048782756651					
350	0.0179503181746801	562.567034224038	563.567034224038	563.067034224038	564.067034224038					
351	0.0176541379247979	562.584984542213	563.584984542213	563.084984542213	564.084984542213					
352	0.0173628446490387	562.602638680138	563.602638680138	563.102638680138	564.102638680138					
353	0.0170763577123296	562.620001524787	563.620001524787	563.120001524787	564.120001524787					
354	0.0167945978100762	562.637077882499	563.637077882499	563.137077882499	564.137077882499					
355	0.0165174869462099	562.653872480309	563.653872480309	563.153872480309	564.153872480309					
356	0.0162449484115974	562.670389967255	563.670389967255	563.170389967255	564.170389967255					
357	0.015976906762806	562.686634915667	563.686634915667	563.186634915667	564.186634915667					
358	0.0157132878012197	562.70261182243	563.70261182243	563.20261182243	564.20261182243					
359	0.0154540185524996	562.718325110231	563.718325110231	563.218325110231	564.218325110231					
360	0.0151990272463834	562.733779128783	563.733779128783	563.233779128783	564.233779128783					
361	0.0149482432968181	562.748978156029	563.748978156029	563.248978156029	564.248978156029					
362	0.0147015972824206	562.763926399326	563.763926399326	563.263926399326	564.263926399326					
363	0.0144590209272607	562.778627996608	563.778627996608	563.278627996608	564.278627996608					
364	0.0142204470819609	562.793087017535	563.793087017535	563.293087017535	564.293087017535					
365	0.0139858097051085	562.807307464617	563.807307464617	563.307307464617	564.307307464617					
366	0.0137550438449742	562.821293274322	563.821293274322	563.321293274322	564.321293274322					
367	0.0135280856215321	562.835048318167	563.835048318167	563.335048318167	564.335048318167					
368	0.0133048722087768	562.848576403789	563.848576403789	563.348576403789	564.348576403789					
369	0.013085341817332	562.861881275998	563.861881275998	563.361881275998	564.361881275998					
370	0.012869433677346	562.874966617815	563.874966617815	563.374966617815	564.374966617815					
371	0.0126570880216698	562.887836051492	563.887836051492	563.387836051492	564.387836051492					
372	0.0124482460693122	562.900493139514	563.900493139514	563.400493139514	564.400493139514					
373	0.0122428500091685	562.912941385583	563.912941385583	563.412941385583	564.412941385583					
374	0.0120408429840172	562.925184235592	563.925184235592	563.425184235592	564.425184235592					
375	0.0118421690747809	562.937225078576	563.937225078576	563.437225078576	564.437225078576					
376	0.011646773285047	562.949067247651	563.949067247651	563.449067247651	564.449067247651					
377	0.0114546015258437	562.960714020936	563.960714020936	563.460714020936	564.460714020936					
378	0.0112656006006673	562.972168622462	563.972168622462	563.472168622462	564.472168622462					
379	0.0110797181907563	562.983434223063	563.983434223063	563.483434223063	564.483434223063					
380	0.0108969028406088	562.994513941254	563.994513941254	563.494513941254	564.494513941254					
381	0.0107171039437388	563.005410844095	564.005410844095	563.505410844095	564.505410844095					
382	0.0105402717286671	563.016127948039	564.016127948039	563.516127948039	564.516127948039					
383	0.0103663572451441	563.026668219768	564.026668219768	563.526668219768	564.526668219768					
384	0.0101953123505992	563.037034577013	564.037034577013	563.537034577013	564.537034577013					
385	0.0100270896968143	563.047229889364	564.047229889364	563.547229889364	564.547229889364					
386	0.00986164271681686	563.057256979061	564.057256979061	563.557256979061	564.557256979061					
387	0.00969892561198938	563.067118621778	564.067118621778	563.567118621778	564.567118621778					
388	0.00953889333939156	563.07681754739	564.07681754739	563.57681754739	564.57681754739					
389	0.0093815015992916	563.086356440729	564.086356440729	563.586356440729	564.586356440729					
390	0.00922670682290329	563.095737942328	564.095737942328	563.595737942328	564.595737942328					
391	0.00907446616032539	563.104964649151	564.104964649151	563.604964649151	564.604964649151					
392	0.00892473746868002	563.114039115311	564.114039115311	563.614039115311	564.614039115311					
393	0.0087774793004468	563.12296385278	564.12296385278	563.62296385278	564.62296385278					
394	0.00863265089198943	563.13174133208	564.13174133208	563.63174133208	564.63174133208					
395	0.0084902121522716	563.140373982972	564.140373982972	563.640373982972	564.640373982972					
396	0.00835012365175912	563.148864195124	564.148864195124	563.648864195124	564.648864195124					
397	0.00821234661150509	563.157214318776	564.157214318776	563.657214318776	564.657214318776					
398	0.00807684289241526	563.165426665388	564.165426665388	563.665426665388	564.665426665388					
399	0.00794357498469041	563.17350350828	564.17350350828	563.67350350828	564.67350350828					
400	0.00781250599744302	563.181447083265	564.181447083265	563.681447083265	564.681447083265					
401	0.00768359964848521	563.189259589262	564.189259589262	563.689259589262	564.689259589262					
402	0.0075568202542852	563.19694318891	564.19694318891	563.69694318891	564.69694318891					
403	0.00743213272008949	563.204500009164	564.204500009164	563.704500009164	564.704500009164					
404	0.00730950253020801	563.211932141884	564.211932141884	563.711932141884	564.711932141884					
405	0.00718889573845958	563.219241644414	564.219241644414	563.719241644414	564.719241644414					
406	0.007070278958775	563.226430540152	564.226430540152	563.726430540152	564.726430540152					
407	0.00695361935595521	563.233500819111	564.233500819111	563.733500819111	564.733500819111					
408	0.00683888463658195	563.240454438467	564.240454438467	563.740454438467	564.740454438467					
409	0.00672604304007835	563.247293323104	564.247293323104	563.747293323104	564.747293323104					
410	0.00661506332991706	563.254019366144	564.254019366144	563.754019366144	564.754019366144					
411	0.00650591478497343	563.260634429474	564.260634429474	563.760634429474	564.760634429474					
412	0.00639856719102137	563.267140344259	564.267140344259	563.767140344259	564.767140344259					
413	0.00629299083236952	563.27353891145	564.27353891145	563.77353891145	564.77353891145					
414	0.00618915648363542	563.279831902282	564.279831902282	563.779831902282	564.779831902282					
415	0.00608703540165544	563.286021058766	564.286021058766	563.786021058766	564.786021058766					
416	0.00598659931752813	563.292108094168	564.292108094168	563.792108094168	564.792108094168					
417	0.00588782042878892	563.298094693486	564.298094693486	563.798094693486	564.798094693486					
418	0.0057906713917139	563.303982513915	564.303982513915	563.803982513915	564.803982513915					
419	0.00569512531375062	563.309773185307	564.309773185307	563.809773185307	564.809773185307					
420	0.00560115574607373	563.315468310621	564.315468310621	563.815468310621	564.815468310621					
421	0.00550873667626351	563.321069466367	564.321069466367	563.821069466367	564.821069466367					
422	0.00541784252110516	563.326578203043	564.326578203043	563.826578203043	564.826578203043					
423	0.00532844811950692	563.331996045564	564.331996045564	563.831996045564	564.831996045564					
424	0.00524052872553506	563.337324493684	564.337324493684	563.837324493684	564.837324493684					
425	0.00515406000156373	563.34256502241	564.34256502241	563.84256502241	564.84256502241					
426	0.00506901801153793	563.347719082412	564.347719082412	563.847719082412	564.847719082412					
427	0.00498537921434755	563.352788100424	564.352788100424	563.852788100424	564.852788100424					
428	0.00490312045731082	563.357773479638	564.357773479638	563.857773479638	564.857773479638					
429	0.00482221896976519	563.362676600095	564.362676600095	563.862676600095	564.862676600095					
430	0.00474265235676406	563.367498819065	564.367498819065	563.867498819065	564.867498819065					
431	0.00466439859287745	563.372241471422	564.372241471422	563.872241471422	564.872241471422					
432	0.00458743601609497	563.376905870015	564.376905870015	563.876905870015	564.876905870015					
433	0.0045117433218294	563.381493306031	564.381493306031	563.881493306031	564.881493306031					
434	0.00443729955701921	563.386005049353	564.386005049353	563.886005049353	564.886005049353					
435	0.00436408411432839	563.39044234891	564.39044234891	563.89044234891	564.89044234891					
436	0.00429207672644197	563.394806433024	564.394806433024	563.894806433024	564.894806433024					
437	0.00422125746045568	563.39909850975	564.39909850975	563.89909850975	564.89909850975					
438	0.00415160671235816	563.40331976721	564.40331976721	563.90331976721	564.90331976721					
439	0.00408310520160425	563.407471373922	564.407471373922	563.907471373922	564.907471373922					
440	0.00401573396577778	563.411554479124	564.411554479124	563.911554479124	564.911554479124					
441	0.00394947435534245	563.41557021309	564.41557021309	563.91557021309	564.91557021309					
442	0.0038843080284793	563.419519687445	564.419519687445	563.919519687445	564.919519687445					
443	0.00382021694600939	563.423403995473	564.423403995473	563.923403995473	564.923403995473					
444	0.00375718336640024	563.427224212419	564.427224212419	563.927224212419	564.927224212419					
445	0.00369518984085464	563.430981395785	564.430981395785	563.930981395785	564.930981395785					
446	0.00363421920848054	563.434676585626	564.434676585626	563.934676585626	564.934676585626					
447	0.00357425459154061	563.438310804834	564.438310804834	563.938310804834	564.938310804834					
448	0.00351527939078019	563.441885059426	564.441885059426	563.941885059426	564.941885059426					
449	0.00345727728083232	563.445400338817	564.445400338817	563.945400338817	564.945400338817					
450	0.00340023220569859	563.448857616098	564.448857616098	563.948857616098	564.948857616098					
451	0.00334412837430456	563.452257848304	564.452257848304	563.952257848304	564.952257848304					
452	0.00328895025612853	563.455601976678	564.455601976678	563.955601976678	564.955601976678					
453	0.00323468257690241	563.458890926934	564.458890926934	563.958890926934	564.958890926934					
454	0.00318131031438352	563.462125609511	564.462125609511	563.962125609511	564.962125609511					
455	0.00312881869419619	563.465306919825	564.465306919825	563.965306919825	564.965306919825					
456	0.00307719318574195	563.468435738519	564.468435738519	563.968435738519	564.968435738519					
457	0.00302641949817721	563.471512931705	564.471512931705	563.971512931705	564.971512931705					
458	0.00297648357645729	563.474539351203	564.474539351203	563.974539351203	564.974539351203					
459	0.00292737159744574	563.477515834779	564.477515834779	563.977515834779	564.977515834779					
460	0.00287906996608789	563.480443206376	564.480443206376	563.980443206376	564.980443206376					
461	0.00283156531164744	563.483322276342	564.483322276342	563.983322276342	564.983322276342					
462	0.00278484448400526	563.486153841654	564.486153841654	563.986153841654	564.986153841654					
463	0.00273889455001917	563.488938686138	564.488938686138	563.988938686138	564.988938686138					
464	0.00269370278994385	563.491677580688	564.491677580688	563.991677580688	564.991677580688					
465	0.00264925669390978	563.494371283478	564.494371283478	563.994371283478	564.994371283478					
466	0.00260554395846027	563.497020540172	564.497020540172	563.997020540172	564.997020540172					
467	0.00256255248314568	563.49962608413	564.49962608413	563.99962608413	564.99962608413					
468	0.00252027036717378	563.502188636613	564.502188636613	564.002188636613	565.002188636613					
469	0.00247868590611541	563.50470890698	564.50470890698	564.00470890698	565.00470890698					
470	0.00243778758866451	563.507187592886	564.507187592886	564.007187592886	565.007187592886					
471	0.00239756409345155	563.509625380475	564.509625380475	564.009625380475	565.009625380475					
472	0.0023580042859096	563.512022944568	564.512022944568	564.012022944568	565.012022944568					
473	0.00231909721519209	563.514380948854	564.514380948854	564.014380948854	565.014380948854					
474	0.00228083211114142	563.516700046069	564.516700046069	564.016700046069	565.016700046069					
475	0.00224319838130759	563.51898087818	564.51898087818	564.01898087818	565.01898087818					
476	0.00220618560801601	563.521224076561	564.521224076561	564.021224076561	565.021224076561					
477	0.00216978354548375	563.523430262169	564.523430262169	564.023430262169	565.023430262169					
478	0.00213398211698327	563.525600045714	564.525600045714	564.025600045714	565.025600045714					
479	0.00209877141205305	563.527734027831	564.527734027831	564.027734027831	565.027734027831					
480	0.00206414168375417	563.529832799243	564.529832799243	564.029832799243	565.029832799243					
481	0.00203008334597223	563.531896940927	564.531896940927	564.031896940927	565.031896940927					
482	0.00199658697076369	563.533927024273	564.533927024273	564.033927024273	565.033927024273					
483	0.00196364328574609	563.535923611244	564.535923611244	564.035923611244	565.035923611244					
484	0.00193124317153128	563.53788725453	564.53788725453	564.03788725453	565.03788725453					
485	0.00189937765920101	563.539818497702	564.539818497702	564.039818497702	565.039818497702					
486	0.00186803792782419	563.541717875361	564.541717875361	564.041717875361	565.041717875361					
487	0.00183721530201509	563.543585913289	564.543585913289	564.043585913289	565.043585913289					
488	0.00180690124953184	563.545423128591	564.545423128591	564.045423128591	565.045423128591					
489	0.00177708737891456	563.547230029841	564.547230029841	564.047230029841	565.047230029841					
490	0.00174776543716247	563.54900711722	564.54900711722	564.04900711722	565.04900711722					
491	0.00171892730744929	563.550754882657	564.550754882657	564.050754882657	565.050754882657					
492	0.00169056500687638	563.552473809964	564.552473809964	564.052473809964	565.052473809964					
493	0.00166267068426292	563.554164374971	564.554164374971	564.054164374971	565.054164374971					
494	0.00163523661797258	563.555827045655	564.555827045655	564.055827045655	565.055827045655					
495	0.00160825521377603	563.557462282273	564.557462282273	564.057462282273	565.057462282273					
496	0.00158171900274873	563.559070537487	564.559070537487	564.059070537487	565.059070537487					
497	0.00155562063920338	563.56065225649	564.56065225649	564.06065225649	565.06065225649					
498	0.00152995289865652	563.562207877129	564.562207877129	564.062207877129	565.062207877129					
499	0.00150470867582869	563.563737830028	564.563737830028	564.063737830028	565.063737830028					
500	0.00147988098267752	563.565242538704	564.565242538704	564.065242538704	565.065242538704					